id,parent,title,description,acceptance_criteria
1,,Feature Category 1,카테고리 1에 대한 설명,"AC1: 기능 1|AC2: 기능 2|AC3: 기능 3"
1.1,1,Sub-feature 1.1,하위 기능 1.1에 대한 설명,"AC1: 조건 1|AC2: 조건 2"
1.1.1,1.1,Task 1.1.1,구체적인 작업 1.1.1에 대한 설명,"AC1: 요구사항 1|AC2: 요구사항 2"
1.1.2,1.1,Task 1.1.2,구체적인 작업 1.1.2에 대한 설명,"AC1: 요구사항 1|AC2: 요구사항 2"
1.2,1,Sub-feature 1.2,하위 기능 1.2에 대한 설명,"AC1: 조건 1|AC2: 조건 2"
1.2.1,1.2,Task 1.2.1,구체적인 작업 1.2.1에 대한 설명,"AC1: 요구사항 1|AC2: 요구사항 2"
2,,Feature Category 2,카테고리 2에 대한 설명,"AC1: 기능 1|AC2: 기능 2"
2.1,2,Sub-feature 2.1,하위 기능 2.1에 대한 설명,"AC1: 조건 1|AC2: 조건 2"
2.1.1,2.1,Task 2.1.1,구체적인 작업 2.1.1에 대한 설명,"AC1: 요구사항 1|AC2: 요구사항 2"
